{
    "n_estimators": 85, 
    "subsample": 0.9806700947727107, 
    "colsample_bytree": 0.6745826381165265, 
    "gamma": 1.6252559702532883, 
    "learning_rate": 0.30259944087367946, 
    "max_depth": 1, 
    "min_child_weight": 64.22068453139698
}