{
    "n_estimators": 262, 
    "subsample": 0.8351046986696299, 
    "colsample_bytree": 0.8961274879814523, 
    "gamma": 0.19756847234013175, 
    "learning_rate": 0.14137551531301645, 
    "max_depth": 3, 
    "min_child_weight": 500.0
}