{
    "n_estimators": 460,
    "subsample": 0.8011192925484173,
    "colsample_bytree": 0.8238748700038359,
    "gamma": 2.913079852059586,
    "learning_rate": 0.07732894523773431,
    "max_depth": 5,
    "min_child_weight": 448.4977531764589
}