{
    "n_estimators": 186, 
    "subsample": 0.8, 
    "colsample_bytree": 0.7644932408891923, 
    "gamma": 0.060799740781140386, 
    "learning_rate": 0.20565096334412214, 
    "max_depth": 3, 
    "min_child_weight": 163.4093476157902
}