{
    "n_estimators": 73, 
    "subsample": 0.808548010681735, 
    "colsample_bytree": 0.5676804350174529, 
    "gamma": 2.2046112907208775, 
    "learning_rate": 0.16310669932802632, 
    "max_depth": 3, 
    "min_child_weight": 367.1984242120543
}
