{
    "n_estimators": 364, 
    "subsample": 0.8698077006782026, 
    "colsample_bytree": 0.35801937793775207, 
    "gamma": 4.734056806414836, 
    "learning_rate": 0.16188829167608165, 
    "max_depth": 2, 
    "min_child_weight": 62.425524583605466
}