{"tauID_application": "dR03mvaMedium", "TTdatacard": 33.843, "DYdatacard": 42.5519, "TTZdatacard": 7.71189, "TTWdatacard": 9.00436, "WWdatacard": 15.8726, "WZdatacard": 265.697, "ZZdatacard": 20.0088, "VHdatacard": 8.23902, "TTHdatacard": 4.35592, "signal_ggf_spin0_400_hh_2v2tdatacard": 2.40653, "signal_ggf_spin0_400_hh_4vdatacard": 7.29628, "signal_ggf_spin0_700_hh_2v2tdatacard": 5.16843, "signal_ggf_spin0_700_hh_4vdatacard": 13.5731, "signal_ggf_spin0_250_hh_4tdatacard": 0.0785402, "signal_ggf_spin0_260_hh_4tdatacard": 0.0869949, "signal_ggf_spin0_270_hh_4tdatacard": 0.0850966, "signal_ggf_spin0_280_hh_4tdatacard": 0.095667, "signal_ggf_spin0_300_hh_4tdatacard": 0.113509, "signal_ggf_spin0_350_hh_4tdatacard": 0.151533, "signal_ggf_spin0_400_hh_4tdatacard": 0.18858, "signal_ggf_spin0_450_hh_4tdatacard": 0.222347, "signal_ggf_spin0_500_hh_4tdatacard": 0.270874, "signal_ggf_spin0_550_hh_4tdatacard": 0.34707, "signal_ggf_spin0_600_hh_4tdatacard": 0.403076, "signal_ggf_spin0_650_hh_4tdatacard": 0.430994, "signal_ggf_spin0_700_hh_4tdatacard": 0.477723, "signal_ggf_spin0_750_hh_4tdatacard": 0.519853, "signal_ggf_spin0_800_hh_4tdatacard": 0.593098, "signal_ggf_spin0_850_hh_4tdatacard": 0.621889, "signal_ggf_spin0_900_hh_4tdatacard": 0.678992, "signal_ggf_spin0_1000_hh_4tdatacard": 0.673031}