{
    "n_estimators": 499,
    "subsample": 0.8,
    "colsample_bytree": 1.0,
    "gamma": 0.09444475267758676,
    "learning_rate": 0.45257908206726644,
    "max_depth": 8,
    "min_child_weight": 0
}